Username,Password,Age,Ward_username
bigdefence,pbkdf2:sha256:600000$ysHCUzuxGqKAD12G$f95de9f830c6f9fca04bd5b93d0efc74d6739196fcbb6415d78fe61126ba564c,26,bigdefen
bigdefence,pbkdf2:sha256:600000$gOzXeH0AU9kjhdFE$7fbe078db4eb57b972166cad4e752828bd0b6846479040f44e760abec0de4ffe,26,bigdefen
bigdefence,pbkdf2:sha256:600000$949nKxD8OeBt1u6m$7aa8ed87b59a9ff82e090c353a5b6882f5ff491192858079611718ca58dd1777,26,bigdefen
bigdefence,pbkdf2:sha256:600000$Lyp603TkU5mm9SmL$cf464e97dd011941de9d0c016989627e5370a96ce9628a96cbec76887ac07439,26,bigdefen
bigdefence,pbkdf2:sha256:600000$HY4kAZOtWWEZ6wif$f56fb18c50db12442f629c0a1f4372cc986a4cf0f8b9d190c70eef8bee748fa9,26,bigdefen
bigdefence,pbkdf2:sha256:600000$XF8hReVlp9LbDDql$0a3534818823d9568a96fb6e702ba1b476770d933aafc18264b442f590da18c9,26,bigdefen
bigdefence,pbkdf2:sha256:600000$sbqrHXVcURHbP6Po$fd589dd9b846a162251dcc49105d1e35d0791cf5a6ef602cb7a32f2be6d59633,26,bigdefen
bigdefence,pbkdf2:sha256:600000$GkNd8dRknpO4TwZG$482957951f2210b07f6ecbf7d702785396089b1894f9d8b4e46653fe1d3be414,26,bigdefen
bigdefence,pbkdf2:sha256:600000$OmWxEYqSmTVxaBCE$d90e2201439661cabc803f741b1f05411e21c5741641a22d312405866dfc839e,26,bigdefen
bigdefence,pbkdf2:sha256:600000$YKVTvtd01MRnQx4c$2479a11fc6b0895af19fc070658d79b8f65bb0f0256990e4cf8a018fc872798e,26,bigdefen
bigdefence,pbkdf2:sha256:600000$PVynU9hTkJEktzXq$8fe1c43f9967fdfeca1cf01fb502ff8fb24a8726d7b5905c92773e0ace54fded,26,bigdefen
bigdefence,pbkdf2:sha256:600000$RJnUuGwIHwN6S4mr$a67e7b61cbf94e99c0994a9e6b6b89e8d0c9c04a021bee732a85a4dc9b6def37,26,bigdefen
bigdefence,pbkdf2:sha256:600000$V5XeSL5xmXdRdK5F$656d4e1b714ec4cecccd7307fd9eaf66e20d48b2f70252692a82d74edf8dbd52,26,bigdefen
빅디펜스,pbkdf2:sha256:600000$XEOsKsFO5zQ8Zcwc$52117f26fba4df7c3c6ef369ff3c301abbc26eacb9b996e2d5ff8badf9d359ef,28,정강빈
